{
  "builder_name": "csv",
  "citation": "",
  "config_name": "default",
  "dataset_name": "csv",
  "dataset_size": 11596490,
  "description": "",
  "download_checksums": {
    "/content/dialogue_dataset.csv": {
      "num_bytes": 11544415,
      "checksum": null
    }
  },
  "download_size": 11544415,
  "features": {
    "input_text": {
      "dtype": "string",
      "_type": "Value"
    },
    "input_ids": {
      "feature": {
        "dtype": "int32",
        "_type": "Value"
      },
      "_type": "Sequence"
    },
    "attention_mask": {
      "feature": {
        "dtype": "int8",
        "_type": "Value"
      },
      "_type": "Sequence"
    }
  },
  "homepage": "",
  "license": "",
  "size_in_bytes": 23140905,
  "splits": {
    "train": {
      "name": "train",
      "num_bytes": 11596490,
      "num_examples": 54608,
      "dataset_name": "csv"
    }
  },
  "version": {
    "version_str": "0.0.0",
    "major": 0,
    "minor": 0,
    "patch": 0
  }
}